{
  "metadata": {
    "timestamp": "2025-10-10T03:22:22.405Z",
    "duration": 844383.8844709999,
    "iterations": 5,
    "warmup": 2,
    "environment": {
      "nodeVersion": "v24.10.0",
      "platform": "linux",
      "arch": "x64",
      "cpus": 24,
      "totalMemory": 33611198464
    }
  },
  "parsing": [
    {
      "test": "parse-typescript",
      "operation": "parse",
      "metrics": {
        "duration": 31673.9813184,
        "memory": {
          "heapUsed": 45262.4,
          "heapTotal": 12382208,
          "external": 2567761,
          "rss": 102334464
        }
      },
      "statistics": {
        "mean": 31673.9813184,
        "median": 31632.770418,
        "min": 31618.083981999996,
        "max": 31778.362198000017,
        "stddev": 62.10776952196527,
        "p95": 31778.362198000017,
        "p99": 31778.362198000017
      },
      "iterations": 5
    },
    {
      "test": "parse-javascript",
      "operation": "parse",
      "metrics": {
        "duration": 31718.993701800006,
        "memory": {
          "heapUsed": 78315.2,
          "heapTotal": 12382208,
          "external": 2591762,
          "rss": 103278182.4
        }
      },
      "statistics": {
        "mean": 31718.993701800006,
        "median": 31744.724367999996,
        "min": 31602.81475000002,
        "max": 31763.37563699996,
        "stddev": 59.56187243221576,
        "p95": 31763.37563699996,
        "p99": 31763.37563699996
      },
      "iterations": 5
    },
    {
      "test": "parse-python",
      "operation": "parse",
      "metrics": {
        "duration": 31649.57202579996,
        "memory": {
          "heapUsed": 77662.4,
          "heapTotal": 9760768,
          "external": 2543080,
          "rss": 103907328
        }
      },
      "statistics": {
        "mean": 31649.57202579996,
        "median": 31613.217023000005,
        "min": 31567.65671199991,
        "max": 31793.94647799991,
        "stddev": 81.3710444702793,
        "p95": 31793.94647799991,
        "p99": 31793.94647799991
      },
      "iterations": 5
    }
  ],
  "queries": [
    {
      "test": "simple-identifier-query",
      "operation": "query",
      "metrics": {
        "duration": 45.052760400017725,
        "memory": {
          "heapUsed": 8500240,
          "heapTotal": 9760768,
          "external": 2549930,
          "rss": 103907328
        }
      },
      "statistics": {
        "mean": 45.052760400017725,
        "median": 46.320490000071004,
        "min": 36.43600700004026,
        "max": 56.52084999997169,
        "stddev": 7.7301713602454045,
        "p95": 56.52084999997169,
        "p99": 56.52084999997169
      },
      "iterations": 5
    },
    {
      "test": "complex-ast-query",
      "operation": "query",
      "metrics": {
        "duration": 40.40256459994707,
        "memory": {
          "heapUsed": 8403480,
          "heapTotal": 9760768,
          "external": 2549930,
          "rss": 103907328
        }
      },
      "statistics": {
        "mean": 40.40256459994707,
        "median": 45.35849699995015,
        "min": 12.27874899993185,
        "max": 55.506015999941155,
        "stddev": 15.152506262596555,
        "p95": 55.506015999941155,
        "p99": 55.506015999941155
      },
      "iterations": 5
    },
    {
      "test": "semantic-search",
      "operation": "query",
      "metrics": {
        "duration": 27.89126900001429,
        "memory": {
          "heapUsed": 8456792,
          "heapTotal": 9760768,
          "external": 2549930,
          "rss": 103907328
        }
      },
      "statistics": {
        "mean": 27.89126900001429,
        "median": 32.32714599999599,
        "min": 12.256855000043288,
        "max": 36.331650999956764,
        "stddev": 9.349566274158354,
        "p95": 36.331650999956764,
        "p99": 36.331650999956764
      },
      "iterations": 5
    }
  ],
  "concurrency": [
    {
      "test": "concurrent-1",
      "operation": "concurrency",
      "metrics": {
        "duration": 28.484640199970453,
        "memory": {
          "heapUsed": 8489216,
          "heapTotal": 9760768,
          "external": 2549930,
          "rss": 103907328
        }
      },
      "statistics": {
        "mean": 28.484640199970453,
        "median": 32.331715999986045,
        "min": 15.291139999986626,
        "max": 35.30223999998998,
        "stddev": 7.728095926409653,
        "p95": 35.30223999998998,
        "p99": 35.30223999998998
      },
      "iterations": 5
    },
    {
      "test": "concurrent-5",
      "operation": "concurrency",
      "metrics": {
        "duration": 38.574063799995926,
        "memory": {
          "heapUsed": 8533208,
          "heapTotal": 9760768,
          "external": 2549930,
          "rss": 103907328
        }
      },
      "statistics": {
        "mean": 38.574063799995926,
        "median": 38.98850300000049,
        "min": 35.93968399998266,
        "max": 39.94647700001951,
        "stddev": 1.3688776800025457,
        "p95": 39.94647700001951,
        "p99": 39.94647700001951
      },
      "iterations": 5
    },
    {
      "test": "concurrent-10",
      "operation": "concurrency",
      "metrics": {
        "duration": 38.548211199999784,
        "memory": {
          "heapUsed": 8636968,
          "heapTotal": 9760768,
          "external": 2549930,
          "rss": 103907328
        }
      },
      "statistics": {
        "mean": 38.548211199999784,
        "median": 38.541313000023365,
        "min": 37.29868000000715,
        "max": 40.005146999959834,
        "stddev": 0.8651512367881802,
        "p95": 40.005146999959834,
        "p99": 40.005146999959834
      },
      "iterations": 5
    }
  ],
  "memory": [
    {
      "test": "memory-stress",
      "operation": "memory",
      "metrics": {
        "duration": 4.107169199967757,
        "memory": {
          "heapUsed": 12958089.6,
          "heapTotal": 19984384,
          "external": 2529380,
          "rss": 107053056
        }
      },
      "statistics": {
        "mean": 4.107169199967757,
        "median": 3.337900999933481,
        "min": 1.9348950000712648,
        "max": 7.485667999950238,
        "stddev": 2.0958910334045404,
        "p95": 7.485667999950238,
        "p99": 7.485667999950238
      },
      "iterations": 5
    }
  ],
  "batchParsing": [
    {
      "test": "batch-sequential-10",
      "operation": "batch-parsing",
      "metrics": {
        "duration": 22.04115339999553,
        "memory": {
          "heapUsed": 13757680,
          "heapTotal": 19984384,
          "external": 2529380,
          "rss": 106934272
        }
      },
      "statistics": {
        "mean": 22.04115339999553,
        "median": 21.93216399999801,
        "min": 21.68278899998404,
        "max": 22.655143999960274,
        "stddev": 0.3373348428877236,
        "p95": 22.655143999960274,
        "p99": 22.655143999960274
      },
      "iterations": 5
    },
    {
      "test": "batch-parallel-10",
      "operation": "batch-parsing",
      "metrics": {
        "duration": 6.6001344000455,
        "memory": {
          "heapUsed": 13847936,
          "heapTotal": 19984384,
          "external": 2529380,
          "rss": 106934272
        }
      },
      "statistics": {
        "mean": 6.6001344000455,
        "median": 6.596993000013754,
        "min": 6.464678000076674,
        "max": 6.760678000049666,
        "stddev": 0.10651383034522112,
        "p95": 6.760678000049666,
        "p99": 6.760678000049666
      },
      "iterations": 5
    },
    {
      "test": "batch-grouped-100",
      "operation": "batch-parsing",
      "metrics": {
        "duration": 22.659640500030946,
        "memory": {
          "heapUsed": 14156112,
          "heapTotal": 19984384,
          "external": 2529380,
          "rss": 106934272
        }
      },
      "statistics": {
        "mean": 22.659640500030946,
        "median": 22.941973000066355,
        "min": 22.377307999995537,