{
  "metadata": {
    "timestamp": "2025-10-10T02:47:32.835Z",
    "duration": 475552.188196,
    "iterations": 3,
    "warmup": 1,
    "environment": {
      "nodeVersion": "v24.10.0",
      "platform": "linux",
      "arch": "x64",
      "cpus": 24,
      "totalMemory": 33611198464
    }
  },
  "parsing": [
    {
      "test": "parse-typescript",
      "operation": "parse",
      "metrics": {
        "duration": 31680.00804666666,
        "memory": {
          "heapUsed": 74186.66666666667,
          "heapTotal": 12382208,
          "external": 2555409,
          "rss": 105857024
        }
      },
      "statistics": {
        "mean": 31680.00804666666,
        "median": 31715.814009999995,
        "min": 31601.509094999998,
        "max": 31722.70103499999,
        "stddev": 55.578304147760846,
        "p95": 31722.70103499999,
        "p99": 31722.70103499999
      },
      "iterations": 3
    },
    {
      "test": "parse-javascript",
      "operation": "parse",
      "metrics": {
        "duration": 31695.334272333344,
        "memory": {
          "heapUsed": 64040,
          "heapTotal": 12382208,
          "external": 2569124,
          "rss": 106381312
        }
      },
      "statistics": {
        "mean": 31695.334272333344,
        "median": 31669.163465999998,
        "min": 31608.00586600002,
        "max": 31808.83348500001,
        "stddev": 84.05005043188751,
        "p95": 31808.83348500001,
        "p99": 31808.83348500001
      },
      "iterations": 3
    },
    {
      "test": "parse-python",
      "operation": "parse",
      "metrics": {
        "duration": 31702.783440666663,
        "memory": {
          "heapUsed": 20016,
          "heapTotal": 12382208,
          "external": 2582828,
          "rss": 106840064
        }
      },
      "statistics": {
        "mean": 31702.783440666663,
        "median": 31679.35246100003,
        "min": 31665.173300999973,
        "max": 31763.82455999998,
        "stddev": 43.54902089733721,
        "p95": 31763.82455999998,
        "p99": 31763.82455999998
      },
      "iterations": 3
    }
  ],
  "queries": [
    {
      "test": "simple-identifier-query",
      "operation": "query",
      "metrics": {
        "duration": 39.845459000013456,
        "memory": {
          "heapUsed": 9347352,
          "heapTotal": 12382208,
          "external": 2586253,
          "rss": 106840064
        }
      },
      "statistics": {
        "mean": 39.845459000013456,
        "median": 43.948445999994874,
        "min": 27.650668999995105,
        "max": 47.937262000050396,
        "stddev": 8.775433156602032,
        "p95": 47.937262000050396,
        "p99": 47.937262000050396
      },
      "iterations": 3
    },
    {
      "test": "complex-ast-query",
      "operation": "query",
      "metrics": {
        "duration": 47.244796333330065,
        "memory": {
          "heapUsed": 8950120,
          "heapTotal": 12382208,
          "external": 2586253,
          "rss": 107036672
        }
      },
      "statistics": {
        "mean": 47.244796333330065,
        "median": 42.92235000000801,
        "min": 39.90498799999477,
        "max": 58.907050999987405,
        "stddev": 8.337955636415888,
        "p95": 58.907050999987405,
        "p99": 58.907050999987405
      },
      "iterations": 3
    },
    {
      "test": "semantic-search",
      "operation": "query",
      "metrics": {
        "duration": 34.74808266667727,
        "memory": {
          "heapUsed": 9249968,
          "heapTotal": 12382208,
          "external": 2586253,
          "rss": 107036672
        }
      },
      "statistics": {
        "mean": 34.74808266667727,
        "median": 29.78616100002546,
        "min": 26.70036600000458,
        "max": 47.757721000001766,
        "stddev": 9.285061474162612,
        "p95": 47.757721000001766,
        "p99": 47.757721000001766
      },
      "iterations": 3
    }
  ],
  "concurrency": [
    {
      "test": "concurrent-1",
      "operation": "concurrency",
      "metrics": {
        "duration": 21.362676666661475,
        "memory": {
          "heapUsed": 8996504,
          "heapTotal": 12382208,
          "external": 2586253,
          "rss": 107233280
        }
      },
      "statistics": {
        "mean": 21.362676666661475,
        "median": 20.32179899996845,
        "min": 16.43450600001961,
        "max": 27.331724999996368,
        "stddev": 4.509243485784051,
        "p95": 27.331724999996368,
        "p99": 27.331724999996368
      },
      "iterations": 3
    },
    {
      "test": "concurrent-5",
      "operation": "concurrency",
      "metrics": {
        "duration": 33.24873400000312,
        "memory": {
          "heapUsed": 9027264,
          "heapTotal": 12382208,
          "external": 2586253,
          "rss": 107233280
        }
      },
      "statistics": {
        "mean": 33.24873400000312,
        "median": 36.40740700002061,
        "min": 24.176104000012856,
        "max": 39.162690999975894,
        "stddev": 6.513184516432542,
        "p95": 39.162690999975894,
        "p99": 39.162690999975894
      },
      "iterations": 3
    },
    {
      "test": "concurrent-10",
      "operation": "concurrency",
      "metrics": {
        "duration": 38.403440333340164,
        "memory": {
          "heapUsed": 9092768,
          "heapTotal": 12382208,
          "external": 2586253,
          "rss": 107429888
        }
      },
      "statistics": {
        "mean": 38.403440333340164,
        "median": 38.84186799998861,
        "min": 36.54137200000696,
        "max": 39.82708100002492,
        "stddev": 1.3767437482121492,
        "p95": 39.82708100002492,
        "p99": 39.82708100002492
      },
      "iterations": 3
    }
  ],
  "memory": [
    {
      "test": "memory-stress",
      "operation": "memory",
      "metrics": {
        "duration": 3.3885933333464586,
        "memory": {
          "heapUsed": 10912000,
          "heapTotal": 19460096,
          "external": 2529380,
          "rss": 108609536
        }
      },
      "statistics": {
        "mean": 3.3885933333464586,
        "median": 3.334015000029467,
        "min": 3.1059729999979027,
        "max": 3.7257920000120066,
        "stddev": 0.255966135840097,
        "p95": 3.7257920000120066,
        "p99": 3.7257920000120066
      },
      "iterations": 3
    }
  ],
  "annotations": [
    {
      "test": "annotate-single",
      "operation": "annotation",
      "metrics": {
        "duration": 2116.86756199998,
        "memory": {
          "heapUsed": 11119384,
          "heapTotal": 19460096,
          "external": 2534717,
          "rss": 108609536
        }
      },
      "statistics": {
        "mean": 2116.86756199998,
        "median": 2120.4965019999654,
        "min": 2103.9602699999814,
        "max": 2126.1459139999934,
        "stddev": 9.413734790770237,
        "p95": 2126.1459139999934,
        "p99": 2126.1459139999934
      },
      "iterations": 3
    },
    {
      "test": "annotate-batch-10",
      "operation": "annotation",
      "metrics": {
        "duration": 7809.279643000006,
        "memory": {
          "heapUsed": 11223208,
          "heapTotal": 19460096,
          "external": 2534717,
          "rss": 108609536
        }
      },
      "statistics": {
        "mean": 7809.279643000006,
        "median": 7797.223516999977,
        "min": 7782.397990000027,
        "max": 7848.217422000016,
        "stddev": 28.190566244717996,
        "p95": 7848.217422000016,
        "p99": 7848.217422000016
      },
      "iterations": 3
    },
    {
      "test": "annotate-batch-100",
      "operation": "annotation",
      "metrics": {
        "duration": 48039.418842000014,
        "memory": {
          "heapUsed": 11459968,
          "heapTotal": 19460096,
          "external": 2534717,
          "rss": 108609536
        }
      },
      "statistics": {
        "mean": 48039.418842000014,
        "median": 48039.418842000014,
        "min": 48039.418842000014,