{
  "metadata": {
    "timestamp": "2025-10-10T02:19:41.096Z",
    "duration": 668421.530864,
    "iterations": 5,
    "warmup": 2,
    "environment": {
      "nodeVersion": "v24.10.0",
      "platform": "linux",
      "arch": "x64",
      "cpus": 24,
      "totalMemory": 33611198464
    }
  },
  "parsing": [
    {
      "test": "parse-typescript",
      "operation": "parse",
      "metrics": {
        "duration": 31846.433000200002,
        "memory": {
          "heapUsed": 65648,
          "heapTotal": 12382208,
          "external": 2555824,
          "rss": 104721612.8
        }
      },
      "statistics": {
        "mean": 31846.433000200002,
        "median": 31886.194471000003,
        "min": 31661.49152899999,
        "max": 32031.15299300001,
        "stddev": 127.47656511015211,
        "p95": 32031.15299300001,
        "p99": 32031.15299300001
      },
      "iterations": 5
    },
    {
      "test": "parse-javascript",
      "operation": "parse",
      "metrics": {
        "duration": 31812.58156379998,
        "memory": {
          "heapUsed": 61816,
          "heapTotal": 12382208,
          "external": 2579825,
          "rss": 105743974.4
        }
      },
      "statistics": {
        "mean": 31812.58156379998,
        "median": 31817.245538999967,
        "min": 31697.632765999995,
        "max": 31933.077723999973,
        "stddev": 88.9272738221858,
        "p95": 31933.077723999973,
        "p99": 31933.077723999973
      },
      "iterations": 5
    },
    {
      "test": "parse-python",
      "operation": "parse",
      "metrics": {
        "duration": 31671.403587599983,
        "memory": {
          "heapUsed": 61788.8,
          "heapTotal": 12382208,
          "external": 2603808,
          "rss": 106687692.8
        }
      },
      "statistics": {
        "mean": 31671.403587599983,
        "median": 31682.95459800004,
        "min": 31574.840312000015,
        "max": 31734.59306799993,
        "stddev": 55.01906635946706,
        "p95": 31734.59306799993,
        "p99": 31734.59306799993
      },
      "iterations": 5
    }
  ],
  "queries": [
    {
      "test": "simple-identifier-query",
      "operation": "query",
      "metrics": {
        "duration": 47.35737320005428,
        "memory": {
          "heapUsed": 8114216,
          "heapTotal": 9760768,
          "external": 2610658,
          "rss": 107159552
        }
      },
      "statistics": {
        "mean": 47.35737320005428,
        "median": 47.55388000002131,
        "min": 39.39225200004876,
        "max": 54.75660400011111,
        "stddev": 5.006394116122375,
        "p95": 54.75660400011111,
        "p99": 54.75660400011111
      },
      "iterations": 5
    },
    {
      "test": "complex-ast-query",
      "operation": "query",
      "metrics": {
        "duration": 37.555157000035976,
        "memory": {
          "heapUsed": 7908512,
          "heapTotal": 9760768,
          "external": 2610658,
          "rss": 107159552
        }
      },
      "statistics": {
        "mean": 37.555157000035976,
        "median": 33.640947000007145,
        "min": 10.39910600008443,
        "max": 59.54078499996103,
        "stddev": 17.584348485089173,
        "p95": 59.54078499996103,
        "p99": 59.54078499996103
      },
      "iterations": 5
    },
    {
      "test": "semantic-search",
      "operation": "query",
      "metrics": {
        "duration": 41.7391338000074,
        "memory": {
          "heapUsed": 7935792,
          "heapTotal": 9760768,
          "external": 2610658,
          "rss": 107159552
        }
      },
      "statistics": {
        "mean": 41.7391338000074,
        "median": 44.40624000004027,
        "min": 15.30296800006181,
        "max": 53.23987000004854,
        "stddev": 13.798784521298872,
        "p95": 53.23987000004854,
        "p99": 53.23987000004854
      },
      "iterations": 5
    }
  ],
  "concurrency": [
    {
      "test": "concurrent-1",
      "operation": "concurrency",
      "metrics": {
        "duration": 23.544842599984257,
        "memory": {
          "heapUsed": 7959080,
          "heapTotal": 9760768,
          "external": 2610658,
          "rss": 107159552
        }
      },
      "statistics": {
        "mean": 23.544842599984257,
        "median": 20.326799000031315,
        "min": 14.304216000018641,
        "max": 39.40722499997355,
        "stddev": 8.556515224090523,
        "p95": 39.40722499997355,
        "p99": 39.40722499997355
      },
      "iterations": 5
    },
    {
      "test": "concurrent-5",
      "operation": "concurrency",
      "metrics": {
        "duration": 31.273008799995296,
        "memory": {
          "heapUsed": 8003224,
          "heapTotal": 9760768,
          "external": 2610658,
          "rss": 107159552
        }
      },
      "statistics": {
        "mean": 31.273008799995296,
        "median": 30.09098099998664,
        "min": 27.09728200000245,
        "max": 37.22459200001322,
        "stddev": 3.8193546335781248,
        "p95": 37.22459200001322,
        "p99": 37.22459200001322
      },
      "iterations": 5
    },
    {
      "test": "concurrent-10",
      "operation": "concurrency",
      "metrics": {
        "duration": 37.69223460003268,
        "memory": {
          "heapUsed": 8100840,
          "heapTotal": 9760768,
          "external": 2610658,
          "rss": 107159552
        }
      },
      "statistics": {
        "mean": 37.69223460003268,
        "median": 38.83860400004778,
        "min": 35.859173999982886,
        "max": 38.990163000067696,
        "stddev": 1.4826815155641586,
        "p95": 38.990163000067696,
        "p99": 38.990163000067696
      },
      "iterations": 5
    }
  ],
  "memory": [
    {
      "test": "memory-stress",
      "operation": "memory",
      "metrics": {
        "duration": 2.7672282000305133,
        "memory": {
          "heapUsed": 12840625.6,
          "heapTotal": 19984384,
          "external": 2529380,
          "rss": 108732416
        }
      },
      "statistics": {
        "mean": 2.7672282000305133,
        "median": 2.1304860000964254,
        "min": 1.6500770000275224,
        "max": 5.191442999988794,
        "stddev": 1.2853811536074184,
        "p95": 5.191442999988794,
        "p99": 5.191442999988794
      },
      "iterations": 5
    }
  ],
  "databaseSize": {
    "totalSizeMb": 0.09375,
    "totalSizeBytes": 98304,
    "bytesPerNode": 200.6204081632653,
    "bytesPerLoc": 26.713043478260868,
    "indexOverheadRatio": 0.5342608695652173,
    "breakdown": {
      "databaseFile": 65536,
      "indexFile": 32768,
      "otherFiles": 0
    },
    "tableBreakdown": {
      "parserResults": 8192,
      "annotations": 0,
      "embeddings": 0,
      "metadata": 4096,
      "indexes": 28672,
      "other": 4096
    }
  },
  "summary": {
    "totalTests": 10,
    "passed": 10,
    "failed": 0,
    "warnings": 0
  }
}
